group,y,x_pre
B,0.0,0.46794574293884994
B,0.0,0.46794574293884994
